{
  "homeInfo": {
    "title": "首页",
    "href": "page/welcome-3.html?t=1"
  },
  "logoInfo": {
    "title": "小松云支付",
    "image": "images/logo.png",
    "href": ""
  },
  "menuInfo": [
    {
      "title": "设置",
      "icon": "fa fa-address-book",
      "href": "",
      "target": "_self",
      "child": [
        {
              "title": "主页",
              "href": "page/welcome-3.html",
              "icon": "fa fa-home",
              "target": "_self"
        },
        {
          "title": "个人资料",
          "href": "page/person.html",
          "icon": "fa fa-user",
          "target": "_self"
        },
        {
          "title": "订单列表",
          "href": "page/trade.html",
          "icon": "fa fa-area-chart",
          "target": "_self"
        },
        {
          "title": "支付配置",
          "href": "",
          "icon": "fa fa-cc-paypal",
          "target": "_self",
          "child": [
            {
              "title": "支付宝",
              "href": "page/Alipay.html",
              "icon": "fa fa-paypal",
              "target": "_self"
            },
            {
              "title": "微信",
              "href": "page/form.html",
              "icon": "fa fa-weixin",
              "target": "_self"
            },
            {
              "title": "qq",
              "href": "page/form.html",
              "icon": "fa fa-qq",
              "target": "_self"
            }
          ]
        },
        {
          "title": "对接设置",
          "href": "page/abutment.html",
          "icon": "fa fa-paypal",
          "target": "_self"
        },
        {
          "title": "使用说明",
          "href": "page/form.html",
          "icon": "fa fa-file-text",
          "target": "_self"
        },
        {
          "title": "SDK下载",
          "href": "page/form.html",
          "icon": "fa fa-arrow-circle-down",
          "target": "_self"
        },
        {
          "title": "官方地址",
          "href": "",
          "icon": "fa fa-github-alt",
          "target": "_self"
         }]
    }
    ]
}